location,age,population
01,0,56901
01,1,58290
01,2,59073
01,3,59799
01,4,60294
01,5,59568
01,6,58599
01,7,59537
01,8,60023
01,9,60241
01,10,60897
01,11,63083
01,12,62906
01,13,61883
01,14,61729
01,15,61740
01,16,61799
01,17,61944
01,18,63534
01,19,64598
01,20,63938
01,21,64590
01,22,64610
01,23,64459
01,24,64495
01,25,65570
01,26,65727
01,27,67597
01,28,69970
01,29,69274
01,30,65333
01,31,61947
01,32,60462
01,33,60114
01,34,61235
01,35,59402
01,36,60337
01,37,60781
01,38,61053
01,39,62572
01,40,58490
01,41,58311
01,42,58158
01,43,55776
01,44,58426
01,45,57225
01,46,59072
01,47,62141
01,48,65617
01,49,64896
01,50,60852
01,51,59593
01,52,59860
01,53,61377
01,54,65983
01,55,66948
01,56,66726
01,57,67091
01,58,67326
01,59,68229
01,60,65609
01,61,65214
01,62,65365
01,63,63117
01,64,62042
01,65,59584
01,66,56766
01,67,54694
01,68,52697
01,69,51707
01,70,50567
01,71,49884
01,72,51612
01,73,37091
01,74,36845
01,75,35441
01,76,36173
01,77,30575
01,78,27572
01,79,26053
01,80,23977
01,81,22580
01,82,19594
01,83,18222
01,84,16660
01,85,91543
02,0,9978
02,1,10012
02,2,10186
02,3,10509
02,4,10395
02,5,10414
02,6,10303
02,7,10286
02,8,10436
02,9,10157
02,10,9976
02,11,10016
02,12,9887
02,13,9509
02,14,9678
02,15,9488
02,16,9410
02,17,9343
02,18,8604
02,19,8265
02,20,9373
02,21,9951
02,22,10376
02,23,10468
02,24,11115
02,25,11494
02,26,11727
02,27,12390
02,28,12426
02,29,12390
02,30,11687
02,31,11521
02,32,11112
02,33,11427
02,34,11414
02,35,10837
02,36,10990
02,37,10421
02,38,10116
02,39,10057
02,40,9166
02,41,8857
02,42,8747
02,43,8146
02,44,8428
02,45,7969
02,46,8077
02,47,8345
02,48,8774
02,49,9138
02,50,8472
02,51,8234
02,52,8365
02,53,8616
02,54,9140
02,55,9436
02,56,9503
02,57,9645
02,58,9740
02,59,9898
02,60,9374
02,61,9168
02,62,9161
02,63,8614
02,64,8800
02,65,8210
02,66,7734
02,67,7220
02,68,6655
02,69,6442
02,70,5978
02,71,5621
02,72,5482
02,73,4013
02,74,3945
02,75,3665
02,76,3459
02,77,2950
02,78,2677
02,79,2327
02,80,1971
02,81,1784
02,82,1586
02,83,1411
02,84,1277
02,85,7181
04,0,81929
04,1,83065
04,2,85726
04,3,88192
04,4,90876
04,5,90858
04,6,90405
04,7,90319
04,8,91313
04,9,90797
04,10,92572
04,11,96605
04,12,96951
04,13,95849
04,14,95076
04,15,94742
04,16,91832
04,17,93129
04,18,98200
04,19,100162
04,20,96889
04,21,98003
04,22,98767
04,23,100686
04,24,101137
04,25,102802
04,26,103067
04,27,105931
04,28,107460
04,29,106619
04,30,100169
04,31,96726
04,32,94163
04,33,95058
04,34,95098
04,35,91880
04,36,93730
04,37,93611
04,38,93052
04,39,94708
04,40,87807
04,41,85655
04,42,85735
04,43,83246
04,44,86603
04,45,83835
04,46,83060
04,47,85465
04,48,90253
04,49,90730
04,50,85488
04,51,82818
04,52,81468
04,53,81932
04,54,87041
04,55,88239
04,56,88626
04,57,88876
04,58,90077
04,59,90913
04,60,88044
04,61,87973
04,62,87664
04,63,85107
04,64,85275
04,65,83374
04,66,81125
04,67,78896
04,68,77728
04,69,77376
04,70,76474
04,71,76787
04,72,81299
04,73,59741
04,74,58899
04,75,57521
04,76,58174
04,77,50088
04,78,45100
04,79,41784
04,80,38116
04,81,35128
04,82,31252
04,83,28331
04,84,25703
04,85,145737
05,0,36355
05,1,37006
05,2,37572
05,3,38610
05,4,38921
05,5,38404
05,6,37924
05,7,38827
05,8,38633
05,9,38959
05,10,38941
05,11,40404
05,12,41015
05,13,40146
05,14,39960
05,15,39598
05,16,39485
05,17,39395
05,18,38943
05,19,39830
05,20,40334
05,21,40395
05,22,40594
05,23,39653
05,24,39311
05,25,39834
05,26,39802
05,27,41169
05,28,42544
05,29,42150
05,30,39586
05,31,38492
05,32,37628
05,33,37564
05,34,38099
05,35,37715
05,36,38168
05,37,38361
05,38,38447
05,39,39465
05,40,36541
05,41,36126
05,42,35502
05,43,34384
05,44,35554
05,45,34516
05,46,35020
05,47,36538
05,48,38016
05,49,38174
05,50,35511
05,51,34743
05,52,34784
05,53,35588
05,54,38692
05,55,39716
05,56,39709
05,57,39366
05,58,39529
05,59,39701
05,60,38669
05,61,38092
05,62,37865
05,63,36917
05,64,36430
05,65,35478
05,66,34176
05,67,32682
05,68,31736
05,69,30888
05,70,30427
05,71,30017
05,72,31554
05,73,22864
05,74,23007
05,75,22169
05,76,22217
05,77,19362
05,78,17669
05,79,16670
05,80,14936
05,81,13764
05,82,12330
05,83,11253
05,84,10771
05,85,59912
06,0,462589
06,1,462713
06,2,477322
06,3,485894
06,4,495198
06,5,493458
06,6,494221
06,7,493396
06,8,504330
06,9,493445
06,10,492283
06,11,511109
06,12,512662
06,13,507455
06,14,505628
06,15,503712
06,16,501846
06,17,497380
06,18,520095
06,19,510661
06,20,503722
06,21,509401
06,22,523994
06,23,544149
06,24,566013
06,25,584705
06,26,596486
06,27,620414
06,28,646817
06,29,646556
06,30,616635
06,31,600661
06,32,582552
06,33,578717
06,34,579409
06,35,560827
06,36,563113
06,37,559009
06,38,545556
06,39,552069
06,40,512768
06,41,501141
06,42,497615
06,43,488053
06,44,501949
06,45,484090
06,46,484585
06,47,494127
06,48,516747
06,49,535870
06,50,505199
06,51,490725
06,52,479823
06,53,481890
06,54,506689
06,55,509117
06,56,503162
06,57,495532
06,58,495917
06,59,505049
06,60,475931
06,61,467635
06,62,457974
06,63,440328
06,64,435990
06,65,411959
06,66,392969
06,67,371355
06,68,358803
06,69,354786
06,70,334996
06,71,325934
06,72,330822
06,73,255411
06,74,249635
06,75,233568
06,76,229072
06,77,200181
06,78,182011
06,79,172849
06,80,158877
06,81,148337
06,82,135255
06,83,124947
06,84,116502
06,85,749846
08,0,64561
08,1,64867
08,2,66298
08,3,67828
08,4,68647
08,5,68470
08,6,68016
08,7,68582
08,8,70351
08,9,71364
08,10,71018
08,11,72673
08,12,73645
08,13,73125
08,14,73078
08,15,73342
08,16,72647
08,17,71007
08,18,73449
08,19,75003
08,20,71850
08,21,71793
08,22,74781
08,23,77245
08,24,82096
08,25,86227
08,26,90358
08,27,93888
08,28,95463
08,29,95224
08,30,91830
08,31,90057
08,32,90123
08,33,90659
08,34,89525
08,35,86349
08,36,86331
08,37,85047
08,38,83808
08,39,83982
08,40,77814
08,41,75900
08,42,74139
08,43,71342
08,44,73359
08,45,70361
08,46,69985
08,47,72561
08,48,75941
08,49,76387
08,50,71704
08,51,67944
08,52,65518
08,53,65720
08,54,70029
08,55,71709
08,56,72142
08,57,72557
08,58,74063
08,59,74506
08,60,71890
08,61,71107
08,62,70373
08,63,67763
08,64,66903
08,65,64280
08,66,62246
08,67,59165
08,68,56363
08,69,54242
08,70,51627
08,71,50303
08,72,51833
08,73,36767
08,74,35305
08,75,33441
08,76,32734
08,77,27949
08,78,24824
08,79,22850
08,80,21094
08,81,19458
08,82,17348
08,83,15994
08,84,14668
08,85,89921
09,0,34625
09,1,35542
09,2,36346
09,3,37139
09,4,38058
09,5,38066
09,6,38190
09,7,38800
09,8,39802
09,9,39880
09,10,40641
09,11,42251
09,12,43045
09,13,43714
09,14,44611
09,15,45230
09,16,45467
09,17,46033
09,18,50348
09,19,51794
09,20,52289
09,21,50276
09,22,47651
09,23,44742
09,24,44973
09,25,45726
09,26,46169
09,27,45040
09,28,44190
09,29,44332
09,30,43474
09,31,44347
09,32,44340
09,33,45398
09,34,45013
09,35,43998
09,36,43968
09,37,44184
09,38,43319
09,39,44386
09,40,42324
09,41,41453
09,42,41527
09,43,40394
09,44,41588
09,45,40438
09,46,41836
09,47,44545
09,48,48397
09,49,50278
09,50,48645
09,51,48488
09,52,49085
09,53,51328
09,54,53865
09,55,54258
09,56,53418
09,57,52705
09,58,53740
09,59,53846
09,60,51677
09,61,50956
09,62,49575
09,63,47262
09,64,46018
09,65,43363
09,66,41174
09,67,38552
09,68,36422
09,69,35572
09,70,34126
09,71,34199
09,72,36403
09,73,26937
09,74,26071
09,75,25567
09,76,26702
09,77,22328
09,78,19564
09,79,18123
09,80,16878
09,81,16045
09,82,14456
09,83,13623
09,84,12809
09,85,91330
10,0,10618
10,1,10671
10,2,11061
10,3,11239
10,4,11130
10,5,11106
10,6,11061
10,7,11372
10,8,11448
10,9,11325
10,10,11313
10,11,11613
10,12,11558
10,13,11646
10,14,11533
10,15,11654
10,16,11648
10,17,11576
10,18,12590
10,19,12750
10,20,11785
10,21,11267
10,22,11107
10,23,11172
10,24,11823
10,25,12347
10,26,12463
10,27,12946
10,28,13685
10,29,13870
10,30,13712
10,31,13093
10,32,12335
10,33,12259
10,34,12370
10,35,11921
10,36,12116
10,37,11786
10,38,11660
10,39,11891
10,40,11374
10,41,10997
10,42,10635
10,43,10145
10,44,10576
10,45,10236
10,46,10570
10,47,11144
10,48,12172
10,49,12563
10,50,11768
10,51,11876
10,52,12262
10,53,12764
10,54,13526
10,55,13673
10,56,13894
10,57,13720
10,58,14014
10,59,14014
10,60,13646
10,61,14077
10,62,13775
10,63,13519
10,64,13398
10,65,13016
10,66,12761
10,67,12297
10,68,11787
10,69,11561
10,70,11371
10,71,11371
10,72,11983
10,73,8497
10,74,8214
10,75,7977
10,76,8141
10,77,6985
10,78,6077
10,79,5472
10,80,5007
10,81,4746
10,82,4088
10,83,3795
10,84,3506
10,85,20254
11,0,9552
11,1,9212
11,2,9036
11,3,8811
11,4,8757
11,5,7962
11,6,8189
11,7,7876
11,8,7460
11,9,6690
11,10,6314
11,11,6136
11,12,5954
11,13,5506
11,14,5311
11,15,5127
11,16,5054
11,17,5221
11,18,8999
11,19,12170
11,20,10553
11,21,8781
11,22,8215
11,23,10588
11,24,13260
11,25,15118
11,26,15648
11,27,16762
11,28,17234
11,29,17752
11,30,17449
11,31,17277
11,32,16428
11,33,15801
11,34,15072
11,35,14112
11,36,13435
11,37,12800
11,38,11848
11,39,11613
11,40,10566
11,41,9533
11,42,8962
11,43,8029
11,44,8071
11,45,7596
11,46,7561
11,47,7731
11,48,7921
11,49,7653
11,50,7294
11,51,7093
11,52,6982
11,53,6922
11,54,7533
11,55,7507
11,56,7458
11,57,7177
11,58,7211
11,59,7275
11,60,6820
11,61,6826
11,62,6620
11,63,6582
11,64,6400
11,65,6290
11,66,5886
11,67,5495
11,68,5368
11,69,5216
11,70,5016
11,71,4896
11,72,4797
11,73,3674
11,74,3581
11,75,3445
11,76,3293
11,77,3054
11,78,2644
11,79,2574
11,80,2295
11,81,2093
11,82,1978
11,83,1809
11,84,1697
11,85,12242
12,0,221463
12,1,224371
12,2,228778
12,3,232381
12,4,232749
12,5,233471
12,6,231167
12,7,233532
12,8,235348
12,9,232832
12,10,232988
12,11,242629
12,12,244614
12,13,243892
12,14,241924
12,15,240850
12,16,234530
12,17,242410
12,18,242940
12,19,241706
12,20,242201
12,21,247135
12,22,250579
12,23,255633
12,24,262574
12,25,269733
12,26,274194
12,27,283945
12,28,294561
12,29,297383
12,30,286190
12,31,277471
12,32,271559
12,33,271068
12,34,273318
12,35,265364
12,36,268898
12,37,267599
12,38,264777
12,39,270103
12,40,255134
12,41,253264
12,42,253772
12,43,247317
12,44,254303
12,45,249783
12,46,256488
12,47,269080
12,48,281692
12,49,283374
12,50,267510
12,51,264343
12,52,268248
12,53,275331
12,54,293546
12,55,299562
12,56,297362
12,57,296082
12,58,298247
12,59,298257
12,60,287208
12,61,285152
12,62,284374
12,63,276419
12,64,275692
12,65,269177
12,66,263076
12,67,257477
12,68,254671
12,69,251483
12,70,248693
12,71,251309
12,72,267863
12,73,202591
12,74,199029
12,75,194453
12,76,200535
12,77,173022
12,78,156340
12,79,146017
12,80,135959
12,81,126869
12,82,114752
12,83,105472
12,84,97095
12,85,581454
13,0,127141
13,1,128766
13,2,131644
13,3,133384
13,4,135631
13,5,135015
13,6,134438
13,7,137644
13,8,138824
13,9,139666
13,10,140592
13,11,146576
13,12,147613
13,13,147134
13,14,145501
13,15,145634
13,16,144049
13,17,144629
13,18,147654
13,19,150154
13,20,143881
13,21,142909
13,22,142034
13,23,142613
13,24,145943
13,25,149042
13,26,153012
13,27,155401
13,28,157723
13,29,156406
13,30,150080
13,31,145009
13,32,141894
13,33,141043
13,34,143651
13,35,138447
13,36,141395
13,37,141807
13,38,141536
13,39,145833
13,40,137008
13,41,134534
13,42,134235
13,43,130263
13,44,135896
13,45,133105
13,46,137177
13,47,142987
13,48,149807
13,49,149620
13,50,138438
13,51,134669
13,52,134605
13,53,136743
13,54,142501
13,55,142516
13,56,139747
13,57,137274
13,58,136657
13,59,135213
13,60,129126
13,61,126042
13,62,124790
13,63,119311
13,64,116857
13,65,110806
13,66,105781
13,67,101046
13,68,97816
13,69,95918
13,70,92826
13,71,92204
13,72,94019
13,73,68628
13,74,66957
13,75,63621
13,76,63461
13,77,53489
13,78,48296
13,79,44694
13,80,40286
13,81,36494
13,82,32289
13,83,29771
13,84,27483
13,85,151069
15,0,16800
15,1,16717
15,2,17044
15,3,17402
15,4,17256
15,5,17554
15,6,17706
15,7,17396
15,8,17447
15,9,16607
15,10,16185
15,11,16649
15,12,16237
15,13,15937
15,14,15868
15,15,16053
15,16,15771
15,17,15239
15,18,15055
15,19,15169
15,20,16560
15,21,17362
15,22,17724
15,23,18163
15,24,18841
15,25,19632
15,26,19906
15,27,20293
15,28,21145
15,29,20888
15,30,19884
15,31,19527
15,32,19734
15,33,19477
15,34,19509
15,35,19428
15,36,19646
15,37,19354
15,38,19101
15,39,19342
15,40,18163
15,41,17231
15,42,16872
15,43,16254
15,44,16412
15,45,16063
15,46,15992
15,47,16558
15,48,17266
15,49,18256
15,50,16888
15,51,16415
15,52,16157
15,53,16518
15,54,17634
15,55,17659
15,56,17844
15,57,17837
15,58,17800
15,59,18818
15,60,17955
15,61,17866
15,62,17942
15,63,17673
15,64,17743
15,65,17232
15,66,17200
15,67,16556
15,68,15802
15,69,16248
15,70,15481
15,71,15138
15,72,14822
15,73,11830
15,74,11783
15,75,11248
15,76,9966
15,77,8841
15,78,7979
15,79,7465
15,80,6654
15,81,6312
15,82,5690
15,83,5358
15,84,5175
15,85,41668
16,0,22106
16,1,22367
16,2,23057
16,3,24024
16,4,24646
16,5,24065
16,6,24588
16,7,24348
16,8,24947
16,9,25369
16,10,25620
16,11,26521
16,12,26768
16,13,26182
16,14,26380
16,15,26305
16,16,25594
16,17,25314
16,18,24539
16,19,23433
16,20,22374
16,21,22614
16,22,23824
16,23,23947
16,24,23675
16,25,24200
16,26,24112
16,27,24361
16,28,24565
16,29,24393
16,30,23345
16,31,22626
16,32,22581
16,33,22876
16,34,23431
16,35,23217
16,36,23606
16,37,23698
16,38,23766
16,39,23946
16,40,22881
16,41,22281
16,42,21738
16,43,20857
16,44,21182
16,45,20092
16,46,19679
16,47,20456
16,48,21362
16,49,21203
16,50,20346
16,51,19398
16,52,19505
16,53,19583
16,54,20142
16,55,20942
16,56,21587
16,57,22041
16,58,22512
16,59,22459
16,60,21741
16,61,22035
16,62,22260
16,63,21479
16,64,21304
16,65,20819
16,66,20566
16,67,19644
16,68,18736
16,69,18119
16,70,17604
16,71,17269
16,72,17766
16,73,12829
16,74,12514
16,75,12252
16,76,12345
16,77,10343
16,78,9411
16,79,8590
16,80,7922
16,81,7002
16,82,6292
16,83,5628
16,84,5245
16,85,29774
17,0,143723
17,1,145936
17,2,149504
17,3,153181
17,4,154590
17,5,152251
17,6,151861
17,7,153500
17,8,155612
17,9,156503
17,10,156110
17,11,161245
17,12,162519
17,13,162807
17,14,163337
17,15,165869
17,16,164633
17,17,164694
17,18,163671
17,19,163763
17,20,162863
17,21,162948
17,22,164969
17,23,166959
17,24,172238
17,25,175425
17,26,177695
17,27,180906
17,28,182153
17,29,181051
17,30,173653
17,31,172006
17,32,169444
17,33,171606
17,34,174157
17,35,168170
17,36,169889
17,37,170221
17,38,168375
17,39,173300
17,40,161856
17,41,158861
17,42,157692
17,43,152369
17,44,156402
17,45,150910
17,46,152461
17,47,159807
17,48,167861
17,49,168889
17,50,159119
17,51,156786
17,52,156690
17,53,159116
17,54,168150
17,55,169463
17,56,169910
17,57,169284
17,58,172147
17,59,173797
17,60,167227
17,61,165763
17,62,162181
17,63,155060
17,64,153451
17,65,144416
17,66,137652
17,67,131287
17,68,126859
17,69,121965
17,70,116066
17,71,113503
17,72,116633
17,73,85340
17,74,82312
17,75,80117
17,76,82701
17,77,72245
17,78,64289
17,79,59676
17,80,55470
17,81,52704
17,82,47407
17,83,44511
17,84,41110
17,85,266969
18,0,80356
18,1,82338
18,2,83235
18,3,85579
18,4,86832
18,5,86118
18,6,86434
18,7,86142
18,8,86226
18,9,87022
18,10,87080
18,11,89818
18,12,90440
18,13,89977
18,14,89724
18,15,90625
18,16,90135
18,17,89893
18,18,88848
18,19,98248
18,20,98112
18,21,96746
18,22,94949
18,23,91868
18,24,90974
18,25,91235
18,26,92145
18,27,95204
18,28,94068
18,29,91806
18,30,87642
18,31,85192
18,32,83494
18,33,84308
18,34,85593
18,35,82924
18,36,85087
18,37,85625
18,38,85701
18,39,87928
18,40,82892
18,41,81163
18,42,80046
18,43,77446
18,44,80147
18,45,77365
18,46,78984
18,47,82769
18,48,87907
18,49,86864
18,50,81414
18,51,79324
18,52,80492
18,53,81640
18,54,87270
18,55,89490
18,56,88648
18,57,88858
18,58,90874
18,59,90796
18,60,87784
18,61,87902
18,62,86360
18,63,82822
18,64,81548
18,65,78348
18,66,74569
18,67,71644
18,68,68130
18,69,65719
18,70,63773
18,71,61257
18,72,63634
18,73,45028
18,74,44635
18,75,43055
18,76,44350
18,77,38186
18,78,34459
18,79,31632
18,80,29609
18,81,27778
18,82,24718
18,83,22956
18,84,21194
18,85,131069
19,0,37540
19,1,38296
19,2,39186
19,3,40104
19,4,40510
19,5,40384
19,6,40018
19,7,39731
19,8,39289
19,9,40734
19,10,40974
19,11,42023
19,12,42224
19,13,41896
19,14,41222
19,15,41086
19,16,41007
19,17,40617
19,18,41858
19,19,47636
19,20,46768
19,21,46910
19,22,46046
19,23,42808
19,24,41679
19,25,41578
19,26,41152
19,27,41907
19,28,40964
19,29,40454
19,30,38419
19,31,37259
19,32,37157
19,33,38830
19,34,40430
19,35,39432
19,36,40387
19,37,40906
19,38,40230
19,39,41318
19,40,38874
19,41,37372
19,42,36348
19,43,34529
19,44,35819
19,45,33411
19,46,33407
19,47,35397
19,48,37678
19,49,38323
19,50,36628
19,51,35521
19,52,36150
19,53,36777
19,54,39217
19,55,40509
19,56,41198
19,57,42182
19,58,43214
19,59,43731
19,60,41978
19,61,41823
19,62,41258
19,63,39907
19,64,39896
19,65,38135
19,66,36563
19,67,35756
19,68,34101
19,69,32331
19,70,30709
19,71,29672
19,72,30749
19,73,22006
19,74,21425
19,75,21030
19,76,21374
19,77,18671
19,78,17372
19,79,16370
19,80,15447
19,81,14608
19,82,13279
19,83,12909
19,84,11773
19,85,78674
20,0,35325
20,1,36037
20,2,37321
20,3,38289
20,4,38359
20,5,38831
20,6,39150
20,7,39055
20,8,39463
20,9,39864
20,10,39546
20,11,40377
20,12,40314
20,13,39987
20,14,39679
20,15,39667
20,16,39922
20,17,39064
20,18,39194
20,19,42647
20,20,44039
20,21,42989
20,22,42594
20,23,41942
20,24,40755
20,25,39668
20,26,39733
20,27,40187
20,28,38617
20,29,38016
20,30,37111
20,31,36557
20,32,36474
20,33,37785
20,34,38774
20,35,38032
20,36,38361
20,37,38560
20,38,38011
20,39,38466
20,40,35588
20,41,34385
20,42,34093
20,43,32486
20,44,33047
20,45,31322
20,46,31174
20,47,32486
20,48,34365
20,49,34717
20,50,32882
20,51,31436
20,52,31779
20,53,32715
20,54,35085
20,55,36491
20,56,37301
20,57,37697
20,58,38621
20,59,38522
20,60,37593
20,61,37151
20,62,37148
20,63,35635
20,64,35346
20,65,33841
20,66,32194
20,67,30830
20,68,29543
20,69,28083
20,70,26611
20,71,26022
20,72,27040
20,73,19110
20,74,18962
20,75,18554
20,76,18664
20,77,15853
20,78,14622
20,79,13619
20,80,12780
20,81,12234
20,82,11037
20,83,10397
20,84,9813
20,85,65678
21,0,53154
21,1,54112
21,2,54464
21,3,55204
21,4,55676
21,5,55656
21,6,55651
21,7,55183
21,8,55061
21,9,54866
21,10,55610
21,11,56869
21,12,57689
21,13,56917
21,14,56915
21,15,56992
21,16,56540
21,17,56312
21,18,57080
21,19,58983
21,20,59006
21,21,59268
21,22,59587
21,23,59769
21,24,60261
21,25,60525
21,26,60047
21,27,62417
21,28,63933
21,29,62548
21,30,58668
21,31,55711
21,32,54357
21,33,54125
21,34,55049
21,35,53867
21,36,55823
21,37,55868
21,38,56688
21,39,58302
21,40,55313
21,41,54669
21,42,54270
21,43,52270
21,44,53883
21,45,52291
21,46,53400
21,47,56839
21,48,59508
21,49,58650
21,50,55672
21,51,55090
21,52,55281
21,53,56252
21,54,60679
21,55,61927
21,56,61209
21,57,61038
21,58,61307
21,59,61522
21,60,59842
21,61,59869
21,62,58732
21,63,56471
21,64,56372
21,65,53956
21,66,51201
21,67,49677
21,68,47804
21,69,46165
21,70,45346
21,71,43868
21,72,45788
21,73,32310
21,74,31761
21,75,30704
21,76,30813
21,77,26344
21,78,24224
21,79,22407
21,80,20856
21,81,19380
21,82,16631
21,83,15351
21,84,14110
21,85,81868
22,0,58010
22,1,58976
22,2,61029
22,3,61801
22,4,61653
22,5,61580
22,6,60148
22,7,59786
22,8,59921
22,9,59782
22,10,60333
22,11,62457
22,12,62704
22,13,60878
22,14,60347
22,15,59643
22,16,59297
22,17,59285
22,18,58075
22,19,57560
22,20,58379
22,21,60105
22,22,61070
22,23,61389
22,24,62465
22,25,63869
22,26,64861
22,27,67001
22,28,70306
22,29,69208
22,30,66752
22,31,63893
22,32,63466
22,33,63793
22,34,65078
22,35,62826
22,36,63819
22,37,63343
22,38,62669
22,39,62468
22,40,58208
22,41,56171
22,42,55439
22,43,52447
22,44,52464
22,45,50802
22,46,51595
22,47,54243
22,48,56386
22,49,56471
22,50,54535
22,51,54145
22,52,54518
22,53,55799
22,54,59854
22,55,60992
22,56,60975
22,57,61400
22,58,61812
22,59,63167
22,60,61279
22,61,59825
22,62,59668
22,63,58056
22,64,57496
22,65,54608
22,66,51461
22,67,49020
22,68,47856
22,69,45978
22,70,43751
22,71,42670
22,72,44025
22,73,31766
22,74,31399
22,75,29930
22,76,29833
22,77,25779
22,78,23593
22,79,22006
22,80,20053
22,81,18929
22,82,16675
22,83,15461
22,84,14172
22,85,82057
23,0,12035
23,1,12355
23,2,12711
23,3,13104
23,4,13332
23,5,13305
23,6,13456
23,7,13373
23,8,13366
23,9,13924
23,10,13915
23,11,14400
23,12,14691
23,13,14747
23,14,14923
23,15,14885
23,16,15138
23,17,15182
23,18,16052
23,19,16264
23,20,15430
23,21,14953
23,22,14784
23,23,14509
23,24,14940
23,25,15561
23,26,15885
23,27,16330
23,28,16600
23,29,16668
23,30,16527
23,31,16376
23,32,16111
23,33,16486
23,34,16264
23,35,15523
23,36,15772
23,37,15941
23,38,15715
23,39,16214
23,40,15340
23,41,15182
23,42,14801
23,43,14477
23,44,15110
23,45,15036
23,46,15468
23,47,16746
23,48,17949
23,49,18109
23,50,17568
23,51,17558
23,52,18094
23,53,18635
23,54,19567
23,55,20536
23,56,20945
23,57,21291
23,58,21634
23,59,21511
23,60,21469
23,61,21685
23,62,21385
23,63,20675
23,64,20429
23,65,20161
23,66,19564
23,67,18755
23,68,17928
23,69,17362
23,70,17095
23,71,16973
23,72,17518
23,73,11988
23,74,11735
23,75,11680
23,76,11757
23,77,9923
23,78,8684
23,79,8018
23,80,7441
23,81,7029
23,82,6394
23,83,5939
23,84,5521
23,85,33800
24,0,69926
24,1,71658
24,2,72309
24,3,73738
24,4,74306
24,5,73246
24,6,73366
24,7,74072
24,8,75067
24,9,74804
24,10,73727
24,11,76574
24,12,76406
24,13,75370
24,14,75237
24,15,75230
24,16,74773
24,17,74878
24,18,78815
24,19,76219
24,20,74171
24,21,73700
24,22,72874
24,23,73604
24,24,76766
24,25,78483
24,26,81126
24,27,81877
24,28,84256
24,29,86402
24,30,83597
24,31,83356
24,32,83263
24,33,83217
24,34,83672
24,35,81643
24,36,82334
24,37,82113
24,38,81828
24,39,82610
24,40,76978
24,41,74926
24,42,74326
24,43,71912
24,44,73543
24,45,70525
24,46,72601
24,47,77094
24,48,81970
24,49,83584
24,50,80112
24,51,79955
24,52,80341
24,53,82443
24,54,86842
24,55,88216
24,56,86816
24,57,85611
24,58,85741
24,59,85304
24,60,82389
24,61,80049
24,62,78060
24,63,73914
24,64,72419
24,65,68109
24,66,65595
24,67,61523
24,68,59935
24,69,57359
24,70,55715
24,71,54976
24,72,56581
24,73,41308
24,74,40481
24,75,38574
24,76,39420
24,77,33969
24,78,30238
24,79,27751
24,80,25654
24,81,23889
24,82,21199
24,83,19574
24,84,18153
24,85,119393
25,0,70791
25,1,70819
25,2,71300
25,3,71913
25,4,72539
25,5,72797
25,6,73268
25,7,73611
25,8,74839
25,9,73935
25,10,73749
25,11,76197
25,12,77005
25,13,77354
25,14,78280
25,15,80675
25,16,81506
25,17,82222
25,18,97816
25,19,107615
25,20,102592
25,21,98606
25,22,94852
25,23,92866
25,24,96374
25,25,99135
25,26,100800
25,27,101116
25,28,100927
25,29,102528
25,30,100545
25,31,99594
25,32,98048
25,33,96398
25,34,95363
25,35,90620
25,36,90693
25,37,89258
25,38,86651
25,39,87579
25,40,83429
25,41,81618
25,42,79648
25,43,78283
25,44,80594
25,45,78971
25,46,80813
25,47,85019
25,48,90691
25,49,93562
25,50,90298
25,51,90374
25,52,91538
25,53,93810
25,54,98557
25,55,99382
25,56,98490
25,57,97343
25,58,98002
25,59,97744
25,60,94559
25,61,93677
25,62,91077
25,63,87174
25,64,85742
25,65,81495
25,66,77937
25,67,74104
25,68,71292
25,69,68900
25,70,67124
25,71,66090
25,72,68638
25,73,49455
25,74,48270
25,75,46461
25,76,47435
25,77,40183
25,78,35310
25,79,32614
25,80,30565
25,81,28934
25,82,26588
25,83,25006
25,84,23408
25,85,159523
26,0,109018
26,1,110855
26,2,113925
26,3,115735
26,4,116909
26,5,117356
26,6,116303
26,7,116857
26,8,117405
26,9,118404
26,10,117938
26,11,121150
26,12,123257
26,13,123542
26,14,124477
26,15,126809
26,16,126571
26,17,127422
26,18,132978
26,19,130779
26,20,133397
26,21,137174
26,22,137153
26,23,136934
26,24,137108
26,25,136931
26,26,137026
26,27,139338
26,28,143929
26,29,140587
26,30,128880
26,31,123774
26,32,119018
26,33,120582
26,34,121549
26,35,117167
26,36,119570
26,37,120336
26,38,120002
26,39,122253
26,40,116741
26,41,114608
26,42,112826
26,43,109581
26,44,113088
26,45,111496
26,46,114655
26,47,122216
26,48,131446
26,49,132718
26,50,126242
26,51,124753
26,52,126592
26,53,128923
26,54,135638
26,55,140090
26,56,140459
26,57,141041
26,58,143097
26,59,143464
26,60,141059
26,61,142403
26,62,140824
26,63,134780
26,64,132318
26,65,126940
26,66,121078
26,67,117131
26,68,112450
26,69,106780
26,70,103194
26,71,100426
26,72,103752
26,73,73965
26,74,71864
26,75,70803
26,76,73477
26,77,63216
26,78,55537
26,79,50576
26,80,46953
26,81,43844
26,82,39177
26,83,36936
26,84,34166
26,85,213136
27,0,67629
27,1,68358
27,2,70924
27,3,71994
27,4,72717
27,5,73198
27,6,72479
27,7,72218
27,8,72021
27,9,72930
27,10,72470
27,11,74606
27,12,74885
27,13,73855
27,14,73931
27,15,74482
27,16,72997
27,17,71463
27,18,70683
27,19,71506
27,20,70536
27,21,70485
27,22,71579
27,23,70633
27,24,72696
27,25,74285
27,26,75751
27,27,77240
27,28,75161
27,29,76350
27,30,75019
27,31,75283
27,32,76349
27,33,77613
27,34,79565
27,35,77267
27,36,78038
27,37,78602
27,38,77470
27,39,77438
27,40,72056
27,41,69174
27,42,66598
27,43,63922
27,44,65012
27,45,61423
27,46,61633
27,47,64527
27,48,69982
27,49,71278
27,50,68291
27,51,66447
27,52,66875
27,53,69121
27,54,73784
27,55,76110
27,56,77519
27,57,77964
27,58,79482
27,59,79890
27,60,76695
27,61,75621
27,62,73793
27,63,70386
27,64,68961
27,65,66179
27,66,63334
27,67,61058
27,68,57900
27,69,55205
27,70,52012
27,71,50157
27,72,51460
27,73,37017
27,74,36737
27,75,35475
27,76,36530
27,77,31406
27,78,28616
27,79,26784
27,80,24893
27,81,23269
27,82,21322
27,83,20107
27,84,18311
27,85,122610
28,0,35518
28,1,36238
28,2,36965
28,3,37210
28,4,37547
28,5,37412
28,6,37184
28,7,38131
28,8,38096
28,9,38554
28,10,40138
28,11,41731
28,12,42818
28,13,41169
28,14,40426
28,15,40206
28,16,39856
28,17,39384
28,18,40203
28,19,41701
28,20,40055
28,21,40410
28,22,40252
28,23,40151
28,24,40649
28,25,40196
28,26,41132
28,27,41738
28,28,42243
28,29,41680
28,30,39659
28,31,36865
28,32,36215
28,33,36510
28,34,37509
28,35,36354
28,36,37414
28,37,38006
28,38,38306
28,39,38988
28,40,36163
28,41,35693
28,42,35512
28,43,34399
28,44,34919
28,45,34065
28,46,34820
28,47,36761
28,48,38188
28,49,37999
28,50,35717
28,51,35301
28,52,34970
28,53,35758
28,54,38461
28,55,39033
28,56,39109
28,57,39387
28,58,39681
28,59,40104
28,60,38821
28,61,38053
28,62,38346
28,63,36735
28,64,36642
28,65,34876
28,66,32774
28,67,31740
28,68,31008
28,69,30213
28,70,28776
28,71,28210
28,72,29539
28,73,21096
28,74,20723
28,75,19975
28,76,19967
28,77,17110
28,78,15780
28,79,14797
28,80,13569
28,81,12964
28,82,11219
28,83,10466
28,84,9593
28,85,52298
29,0,71012
29,1,72134
29,2,74086
29,3,75166
29,4,75682
29,5,75978
29,6,75161
29,7,75274
29,8,75954
29,9,76058
29,10,76383
29,11,78825
29,12,79078
29,13,78762
29,14,78067
29,15,77994
29,16,77767
29,17,77204
29,18,76383
29,19,80323
29,20,80313
29,21,81129
29,22,81319
29,23,80806
29,24,81231
29,25,82492
29,26,83529
29,27,87108
29,28,87237
29,29,85048
29,30,81566
29,31,78835
29,32,78678
29,33,80493
29,34,80901
29,35,78164
29,36,80306
29,37,79421
29,38,79064
29,39,80090
29,40,74472
29,41,72679
29,42,71164
29,43,68257
29,44,70122
29,45,67442
29,46,68678
29,47,72698
29,48,77479
29,49,77168
29,50,72575
29,51,71089
29,52,72336
29,53,73656
29,54,79823
29,55,82899
29,56,84242
29,57,85582
29,58,86843
29,59,86879
29,60,83537
29,61,82721
29,62,82491
29,63,78567
29,64,76971
29,65,73735
29,66,70284
29,67,67599
29,68,65348
29,69,62740
29,70,60681
29,71,59304
29,72,61904
29,73,44526
29,74,44044
29,75,43455
29,76,44148
29,77,37970
29,78,34681
29,79,31887
29,80,29560
29,81,27517
29,82,24490
29,83,23156
29,84,21477
29,85,133531
30,0,11659
30,1,11540
30,2,12346
30,3,12659
30,4,12952
30,5,12860
30,6,12713
30,7,12782
30,8,12721
30,9,12800
30,10,12860
30,11,13288
30,12,13359
30,13,13126
30,14,12796
30,15,12806
30,16,12707
30,17,12614
30,18,12490
30,19,13338
30,20,13855
30,21,14251
30,22,14694
30,23,14823
30,24,14313
30,25,14170
30,26,14413
30,27,14723
30,28,14352
30,29,14019
30,30,13550
30,31,13202
30,32,13132
30,33,13241
30,34,13584
30,35,13543
30,36,13856
30,37,13937
30,38,13477
30,39,13884
30,40,12823
30,41,12686
30,42,12273
30,43,11725
30,44,11591
30,45,11131
30,46,11158
30,47,11453
30,48,12300
30,49,12347
30,50,11769
30,51,11381
30,52,11522
30,53,11735
30,54,13004
30,55,13645
30,56,14156
30,57,14590
30,58,15154
30,59,15423
30,60,15277
30,61,15571
30,62,15613
30,63,15359
30,64,15220
30,65,15048
30,66,14710
30,67,14248
30,68,13613
30,69,13051
30,70,12352
30,71,11940
30,72,12294
30,73,8792
30,74,8583
30,75,8354
30,76,8349
30,77,7069
30,78,6574
30,79,5919
30,80,5415
30,81,4954
30,82,4537
30,83,4098
30,84,3682
30,85,22855
31,0,25252
31,1,25379
31,2,26343
31,3,26675
31,4,27231
31,5,26874
31,6,26478
31,7,26158
31,8,26291
31,9,26556
31,10,26740
31,11,27023
31,12,26770
31,13,26642
31,14,26764
31,15,26556
31,16,26405
31,17,25937
31,18,25727
31,19,28020
31,20,28017
31,21,27520
31,22,26899
31,23,26587
31,24,26528
31,25,26357
31,26,26174
31,27,26787
31,28,25415
31,29,24976
31,30,24331
31,31,24726
31,32,25014
31,33,25361
31,34,26197
31,35,25578
31,36,26322
31,37,26228
31,38,25929
31,39,25947
31,40,23732
31,41,23079
31,42,22434
31,43,21610
31,44,22280
31,45,21025
31,46,20656
31,47,21886
31,48,22448
31,49,22687
31,50,21421
31,51,20599
31,52,20797
31,53,21308
31,54,22981
31,55,23877
31,56,24326
31,57,24763
31,58,25191
31,59,25432
31,60,24651
31,61,24186
31,62,23871
31,63,23223
31,64,22773
31,65,21968
31,66,20884
31,67,20450
31,68,19592
31,69,18676
31,70,17976
31,71,17086
31,72,17501
31,73,12453
31,74,12322
31,75,12255
31,76,12075
31,77,10469
31,78,9396
31,79,8951
31,80,8412
31,81,8054
31,82,7432
31,83,6948
31,84,6500
31,85,43058
32,0,35701
32,1,35854
32,2,37284
32,3,38009
32,4,38727
32,5,38088
32,6,38601
32,7,37927
32,8,39428
32,9,39006
32,10,38907
32,11,40822
32,12,40476
32,13,39767
32,14,39044
32,15,38673
32,16,38452
32,17,37873
32,18,35337
32,19,32296
32,20,32854
32,21,34228
32,22,35936
32,23,38647
32,24,40922
32,25,42329
32,26,43731
32,27,46435
32,28,48176
32,29,48696
32,30,46080
32,31,45171
32,32,43886
32,33,44166
32,34,44446
32,35,42901
32,36,43333
32,37,43283
32,38,42498
32,39,43186
32,40,40159
32,41,39275
32,42,38943
32,43,37896
32,44,39031
32,45,37890
32,46,38397
32,47,39627
32,48,41895
32,49,42352
32,50,39842
32,51,38393
32,52,37678
32,53,37933
32,54,40221
32,55,40029
32,56,39418
32,57,39342
32,58,39347
32,59,39802
32,60,37495
32,61,37604
32,62,37113
32,63,36516
32,64,36810
32,65,34927
32,66,33639
32,67,32489
32,68,31619
32,69,31535
32,70,30537
32,71,30484
32,72,31835
32,73,23530
32,74,22768
32,75,21887
32,76,21694
32,77,18361
32,78,16188
32,79,15145
32,80,13446
32,81,12214
32,82,10790
32,83,9422
32,84,8646
32,85,44816
33,0,12052
33,1,12294
33,2,12859
33,3,13065
33,4,13351
33,5,13254
33,6,13778
33,7,13484
33,8,14211
33,9,14011
33,10,14132
33,11,14651
33,12,15101
33,13,15284
33,14,15543
33,15,15895
33,16,16124
33,17,16164
33,18,17325
33,19,18460
33,20,18632
33,21,18441
33,22,17509
33,23,16608
33,24,16716
33,25,17071
33,26,17380
33,27,17937
33,28,17448
33,29,17559
33,30,17173
33,31,17053
33,32,17004
33,33,17125
33,34,17066
33,35,16072
33,36,16499
33,37,16298
33,38,16221
33,39,16300
33,40,15355
33,41,15110
33,42,14748
33,43,14584
33,44,15313
33,45,15155
33,46,15831
33,47,17306
33,48,18868
33,49,19063
33,50,18694
33,51,18569
33,52,19144
33,53,19629
33,54,21014
33,55,21735
33,56,21978
33,57,21859
33,58,22432
33,59,22241
33,60,21997
33,61,21511
33,62,21136
33,63,19851
33,64,19574
33,65,18713
33,66,17759
33,67,17093
33,68,16111
33,69,15461
33,70,15198
33,71,15176
33,72,15858
33,73,10835
33,74,10465
33,75,10178
33,76,10295
33,77,8756
33,78,7581
33,79,6967
33,80,6283
33,81,5873
33,82,5293
33,83,4974
33,84,4754
33,85,30241
34,0,99459
34,1,101592
34,2,103374
34,3,105051
34,4,105214
34,5,105053
34,6,105229
34,7,106128
34,8,108436
34,9,107412
34,10,106735
34,11,110132
34,12,111271
34,13,111366
34,14,112205
34,15,113652
34,16,113429
34,17,112840
34,18,109632
34,19,103277
34,20,104260
34,21,107298
34,22,108740
34,23,108841
34,24,111586
34,25,113533
34,26,115602
34,27,116371
34,28,116380
34,29,117352
34,30,114346
34,31,113416
34,32,113306
34,33,115534
34,34,116438
34,35,113984
34,36,115741
34,37,116152
34,38,115242
34,39,119020
34,40,113005
34,41,111731
34,42,110966
34,43,109151
34,44,112701
34,45,109039
34,46,110376
34,47,115754
34,48,123289
34,49,126426
34,50,121240
34,51,120130
34,52,120895
34,53,124066
34,54,129608
34,55,130385
34,56,129097
34,57,127422
34,58,128045
34,59,127653
34,60,123352
34,61,120428
34,62,117241
34,63,111529
34,64,108497
34,65,101461
34,66,96227
34,67,90856
34,68,87734
34,69,85178
34,70,81262
34,71,80813
34,72,84683
34,73,63573
34,74,61079
34,75,58317
34,76,61573
34,77,52788
34,78,46161
34,79,43741
34,80,40474
34,81,38600
34,82,35201
34,83,32504
34,84,30206
34,85,203104
35,0,23014
35,1,23339
35,2,23944
35,3,25030
35,4,25659
35,5,25937
35,6,26200
35,7,26258
35,8,27125
35,9,27259
35,10,27502
35,11,28131
35,12,28170
35,13,27843
35,14,27843
35,15,27412
35,16,27680
35,17,27492
35,18,27720
35,19,28154
35,20,28312
35,21,28084
35,22,27493
35,23,27870
35,24,28242
35,25,28479
35,26,28849
35,27,29607
35,28,29645
35,29,29054
35,30,27725
35,31,27657
35,32,27453
35,33,27749
35,34,27869
35,35,27300
35,36,27650
35,37,27271
35,38,26540
35,39,26783
35,40,24821
35,41,24158
35,42,23710
35,43,23103
35,44,23510
35,45,22372
35,46,22676
35,47,23411
35,48,24386
35,49,24537
35,50,23618
35,51,22854
35,52,23106
35,53,23343
35,54,25353
35,55,26230
35,56,26751
35,57,27884
35,58,28133
35,59,28532
35,60,27234
35,61,27271
35,62,27467
35,63,26846
35,64,26573
35,65,25770
35,66,25294
35,67,24725
35,68,23748
35,69,23652
35,70,22802
35,71,22390
35,72,22553
35,73,16878
35,74,16671
35,75,15597
35,76,15459
35,77,13304
35,78,12134
35,79,11119
35,80,10462
35,81,9601
35,82,8665
35,83,7968
35,84,7405
35,85,41409
36,0,223930
36,1,223989
36,2,225107
36,3,226638
36,4,227337
36,5,223415
36,6,224235
36,7,223720
36,8,226256
36,9,220265
36,10,214961
36,11,220488
36,12,221125
36,13,220762
36,14,223369
36,15,226557
36,16,227902
36,17,228243
36,18,245229
36,19,247468
36,20,247881
36,21,248267
36,22,245682
36,23,256736
36,24,271281
36,25,281499
36,26,288109
36,27,290996
36,28,300371
36,29,304028
36,30,291010
36,31,286027
36,32,279095
36,33,274017
36,34,272499
36,35,257885
36,36,257301
36,37,253947
36,38,247215
36,39,254657
36,40,238571
36,41,232671
36,42,230017
36,43,224351
36,44,233346
36,45,222997
36,46,224403
36,47,234698
36,48,251639
36,49,263014
36,50,250208
36,51,247335
36,52,249088
36,53,256465
36,54,271957
36,55,273012
36,56,269671
36,57,264709
36,58,267804
36,59,273650
36,60,261096
36,61,257147
36,62,251431
36,63,240532
36,64,238104
36,65,223471
36,66,212527
36,67,203799
36,68,197782
36,69,194567
36,70,185379
36,71,181643
36,72,185221
36,73,139451
36,74,136082
36,75,128706
36,76,132077
36,77,115316
36,78,103538
36,79,98469
36,80,90732
36,81,86756
36,82,78517
36,83,73362
36,84,68750
36,85,460001
37,0,118891
37,1,120577
37,2,121664
37,3,123961
37,4,124677
37,5,124780
37,6,124213
37,7,125537
37,8,125930
37,9,128406
37,10,129884
37,11,134045
37,12,134985
37,13,133907
37,14,132785
37,15,132640
37,16,131990
37,17,131843
37,18,142834
37,19,148888
37,20,144189
37,21,140938
37,22,137504
37,23,137109
37,24,139125
37,25,143067
37,26,144378
37,27,147333
37,28,150166
37,29,148632
37,30,142726
37,31,137808
37,32,134453
37,33,133887
37,34,133619
37,35,129198
37,36,132918
37,37,132725
37,38,131863
37,39,135556
37,40,129007
37,41,129256
37,42,128666
37,43,124415
37,44,129823
37,45,126964
37,46,131388
37,47,137926
37,48,146737
37,49,145584
37,50,136903
37,51,133161
37,52,132601
37,53,133154
37,54,139649
37,55,142531
37,56,141169
37,57,139531
37,58,139974
37,59,140089
37,60,135673
37,61,134559
37,62,132661
37,63,128852
37,64,127086
37,65,123090
37,66,118367
37,67,114445
37,68,110498
37,69,107444
37,70,104729
37,71,104207
37,72,108258
37,73,78882
37,74,76588
37,75,73269
37,76,73652
37,77,62368
37,78,55804
37,79,51213
37,80,46554
37,81,43550
37,82,38683
37,83,36471
37,84,33628
37,85,189394
38,0,10483
38,1,10547
38,2,11054
38,3,10984
38,4,11033
38,5,10623
38,6,10404
38,7,10196
38,8,9923
38,9,9885
38,10,9848
38,11,9836
38,12,9797
38,13,9569
38,14,9414
38,15,9044
38,16,8887
38,17,8644
38,18,9119
38,19,11487
38,20,11856
38,21,12249
38,22,13087
38,23,12820
38,24,12204
38,25,12072
38,26,11919
38,27,11908
38,28,12272
38,29,12115
38,30,11366
38,31,10708
38,32,10528
38,33,10769
38,34,10914
38,35,10328
38,36,10551
38,37,10304
38,38,9883
38,39,9763
38,40,8991
38,41,8753
38,42,8288
38,43,7702
38,44,8013
38,45,7526
38,46,7544
38,47,7615
38,48,7947
38,49,8060
38,50,7789
38,51,7623
38,52,7651
38,53,7912
38,54,8532
38,55,8894
38,56,9228
38,57,9365
38,58,9637
38,59,9928
38,60,9649
38,61,9555
38,62,9386
38,63,9196
38,64,9040
38,65,8467
38,66,8146
38,67,7830
38,68,7227
38,69,6779
38,70,6434
38,71,6232
38,72,6265
38,73,4703
38,74,4581
38,75,4463
38,76,4382
38,77,3854
38,78,3557
38,79,3333
38,80,3251
38,81,3140
38,82,2938
38,83,2820
38,84,2630
38,85,18813
39,0,133487
39,1,136247
39,2,138052
39,3,140961
39,4,142081
39,5,142314
39,6,142480
39,7,141082
39,8,140836
39,9,141755
39,10,142881
39,11,146222
39,12,147925
39,13,147689
39,14,147095
39,15,148904
39,16,148473
39,17,149535
39,18,151660
39,19,157194
39,20,150533
39,21,149404
39,22,149007
39,23,149778
39,24,152735
39,25,154838
39,26,158151
39,27,162468
39,28,163206
39,29,162961
39,30,157699
39,31,151605
39,32,147624
39,33,147463
39,34,148363
39,35,141697
39,36,144012
39,37,145203
39,38,145294
39,39,148135
39,40,139520
39,41,136041
39,42,133730
39,43,129492
39,44,134684
39,45,130261
39,46,133657
39,47,142773
39,48,153545
39,49,153483
39,50,145752
39,51,142118
39,52,144016
39,53,146442
39,54,155534
39,55,159138
39,56,158822
39,57,160474
39,58,164712
39,59,165083
39,60,163604
39,61,164510
39,62,162072
39,63,153874
39,64,152394
39,65,144403
39,66,138207
39,67,133341
39,68,127881
39,69,123026
39,70,119426
39,71,116606
39,72,122121
39,73,83945
39,74,80287
39,75,78240
39,76,82451
39,77,72405
39,78,64788
39,79,59703
39,80,55733
39,81,53533
39,82,47959
39,83,44352
39,84,41641
39,85,256272
40,0,48442
40,1,49485
40,2,51437
40,3,52914
40,4,53255
40,5,53440
40,6,53843
40,7,53450
40,8,53727
40,9,53447
40,10,53669
40,11,54639
40,12,54881
40,13,53602
40,14,53350
40,15,53176
40,16,52757
40,17,52724
40,18,51932
40,19,54325
40,20,54949
40,21,55061
40,22,55282
40,23,54570
40,24,54786
40,25,54336
40,26,54541
40,27,57008
40,28,57770
40,29,56327
40,30,53867
40,31,52383
40,32,51429
40,33,52543
40,34,53389
40,35,52501
40,36,53722
40,37,53525
40,38,52002
40,39,52992
40,40,48721
40,41,46732
40,42,46505
40,43,44891
40,44,46282
40,45,43882
40,46,44350
40,47,46161
40,48,47857
40,49,48144
40,50,45025
40,51,43432
40,52,43090
40,53,44008
40,54,47587
40,55,49095
40,56,50334
40,57,50551
40,58,51183
40,59,51786
40,60,49593
40,61,48990
40,62,48645
40,63,46935
40,64,46582
40,65,44687
40,66,42376
40,67,40339
40,68,38948
40,69,37795
40,70,36213
40,71,35527
40,72,37376
40,73,27309
40,74,27480
40,75,26771
40,76,26260
40,77,22885
40,78,20756
40,79,19765
40,80,18197
40,81,16788
40,82,14831
40,83,13720
40,84,12946
40,85,74163
41,0,43312
41,1,44026
41,2,45462
41,3,47146
41,4,47865
41,5,48190
41,6,47959
41,7,48090
41,8,49002
41,9,49211
41,10,48977
41,11,50728
41,12,50417
41,13,49878
41,14,49084
41,15,49498
41,16,49026
41,17,48691
41,18,49397
41,19,49521
41,20,50075
41,21,51116
41,22,53123
41,23,54324
41,24,55466
41,25,57135
41,26,58442
41,27,60960
41,28,64192
41,29,63802
41,30,61126
41,31,59413
41,32,59089
41,33,59680
41,34,60445
41,35,58736
41,36,59883
41,37,59785
41,38,59004
41,39,60133
41,40,56383
41,41,55245
41,42,54306
41,43,52271
41,44,52966
41,45,50354
41,46,49959
41,47,51358
41,48,54927
41,49,55280
41,50,52030
41,51,48704
41,52,48403
41,53,48535
41,54,50577
41,55,51368
41,56,52452
41,57,53404
41,58,54294
41,59,55195
41,60,53624
41,61,54326
41,62,55302
41,63,54263
41,64,54722
41,65,54602
41,66,53728
41,67,51781
41,68,49928
41,69,48530
41,70,46653
41,71,45485
41,72,47393
41,73,33514
41,74,32984
41,75,31658
41,76,31464
41,77,26467
41,78,23576
41,79,21870
41,80,19759
41,81,17988
41,82,16188
41,83,14625
41,84,13349
41,85,84538
42,0,134712
42,1,137402
42,2,139553
42,3,142257
42,4,144000
42,5,144818
42,6,144426
42,7,144836
42,8,145799
42,9,146174
42,10,146219
42,11,150263
42,12,150821
42,13,150640
42,14,151644
42,15,153418
42,16,154083
42,17,153548
42,18,166574
42,19,176355
42,20,165849
42,21,161620
42,22,156758
42,23,155082
42,24,159921
42,25,164801
42,26,168443
42,27,173371
42,28,175204
42,29,179553
42,30,175940
42,31,172193
42,32,168255
42,33,166865
42,34,164511
42,35,158514
42,36,159238
42,37,158904
42,38,156490
42,39,158369
42,40,149126
42,41,146413
42,42,144026
42,43,139239
42,44,143420
42,45,140755
42,46,144836
42,47,154266
42,48,165941
42,49,167798
42,50,161946
42,51,160753
42,52,163586
42,53,167119
42,54,177097
42,55,180049
42,56,178990
42,57,180014
42,58,184871
42,59,185773
42,60,183305
42,61,184777
42,62,181883
42,63,173839
42,64,171382
42,65,164248
42,66,157840
42,67,151213
42,68,144150
42,69,137852
42,70,133921
42,71,132811
42,72,140075
42,73,97582
42,74,94401
42,75,93253
42,76,98097
42,77,83858
42,78,75119
42,79,69196
42,80,65405
42,81,62447
42,82,56777
42,83,53142
42,84,49863
42,85,332112
44,0,10518
44,1,10914
44,2,10792
44,3,11166
44,4,11131
44,5,10936
44,6,10818
44,7,10992
44,8,11070
44,9,11083
44,10,10951
44,11,11499
44,12,11584
44,13,11928
44,14,12007
44,15,12272
44,16,12364
44,17,12470
44,18,16030
44,19,18018
44,20,16932
44,21,15962
44,22,14541
44,23,13863
44,24,14205
44,25,14511
44,26,14911
44,27,14919
44,28,15596
44,29,15806
44,30,15664
44,31,14966
44,32,14324
44,33,13849
44,34,13667
44,35,13250
44,36,13295
44,37,13348
44,38,13119
44,39,13246
44,40,12308
44,41,11910
44,42,11674
44,43,11290
44,44,11895
44,45,11630
44,46,12041
44,47,12705
44,48,13486
44,49,14064
44,50,13558
44,51,13712
44,52,14194
44,53,14357
44,54,15365
44,55,15176
44,56,15092
44,57,15412
44,58,15553
44,59,15316
44,60,14966
44,61,15015
44,62,14841
44,63,14205
44,64,14033
44,65,13067
44,66,12378
44,67,11770
44,68,11222
44,69,10923
44,70,10476
44,71,10147
44,72,10780
44,73,7808
44,74,7588
44,75,7242
44,76,7558
44,77,6322
44,78,5592
44,79,5305
44,80,4821
44,81,4593
44,82,4272
44,83,3957
44,84,3713
44,85,27512
45,0,56122
45,1,57170
45,2,58423
45,3,59703
45,4,61046
45,5,60618
45,6,60615
45,7,61289
45,8,61600
45,9,62654
45,10,64002
45,11,65498
45,12,66430
45,13,64545
45,14,63465
45,15,63254
45,16,62423
45,17,62326
45,18,66338
45,19,70318
45,20,67149
45,21,66504
45,22,65735
45,23,65093
45,24,66262
45,25,67686
45,26,68584
45,27,70277
45,28,73489
45,29,73235
45,30,70181
45,31,66601
45,32,64276
45,33,64275
45,34,64250
45,35,63059
45,36,64018
45,37,63998
45,38,64074
45,39,64841
45,40,61881
45,41,60637
45,42,60252
45,43,57391
45,44,60353
45,45,59395
45,46,61073
45,47,63519
45,48,67017
45,49,67191
45,50,63862
45,51,62689
45,52,62701
45,53,64685
45,54,68475
45,55,70604
45,56,69573
45,57,69014
45,58,70113
45,59,70672
45,60,68117
45,61,68277
45,62,68875
45,63,66704
45,64,67195
45,65,65289
45,66,63112
45,67,61571
45,68,60302
45,69,58933
45,70,57928
45,71,57518
45,72,60389
45,73,43296
45,74,42262
45,75,40341
45,76,40484
45,77,33892
45,78,30602
45,79,27695
45,80,24734
45,81,22683
45,82,19749
45,83,18243
45,84,16590
45,85,91410
46,0,11985
46,1,12127
46,2,12285
46,3,12376
46,4,12394
46,5,12400
46,6,12147
46,7,12152
46,8,12127
46,9,12108
46,10,12088
46,11,12369
46,12,12366
46,13,12016
46,14,11893
46,15,11845
46,16,11318
46,17,11105
46,18,10921
46,19,12545
46,20,12122
46,21,11935
46,22,11803
46,23,11611
46,24,11459
46,25,11561
46,26,11608
46,27,12061
46,28,11465
46,29,11291
46,30,11350
46,31,11430
46,32,11201
46,33,11581
46,34,11516
46,35,11381
46,36,11236
46,37,11456
46,38,11305
46,39,11521
46,40,10433
46,41,9947
46,42,9817
46,43,9431
46,44,9337
46,45,8926
46,46,8888
46,47,9294
46,48,9729
46,49,9804
46,50,9387
46,51,9310
46,52,9311
46,53,9746
46,54,10470
46,55,11164
46,56,11566
46,57,11680
46,58,12017
46,59,12362
46,60,11791
46,61,11876
46,62,11790
46,63,11686
46,64,11566
46,65,11377
46,66,10858
46,67,10373
46,68,9911
46,69,9503
46,70,8795
46,71,8375
46,72,8309
46,73,5968
46,74,5747
46,75,5629
46,76,5604
46,77,4816
46,78,4262
46,79,4131
46,80,3955
46,81,3551
46,82,3341
46,83,3329
46,84,3052
46,85,20985
47,0,79775
47,1,81044
47,2,81371
47,3,82894
47,4,83521
47,5,82643
47,6,82533
47,7,83023
47,8,82100
47,9,83080
47,10,83950
47,11,87672
47,12,87358
47,13,86678
47,14,85644
47,15,85732
47,16,85662
47,17,85371
47,18,83815
47,19,83700
47,20,85093
47,21,86550
47,22,87900
47,23,91152
47,24,94230
47,25,95552
47,26,97136
47,27,100716
47,28,103020
47,29,100862
47,30,95330
47,31,91745
47,32,88469
47,33,88195
47,34,88631
47,35,85077
47,36,87274
47,37,87561
47,38,86351
47,39,89265
47,40,84614
47,41,83057
47,42,82480
47,43,78924
47,44,83055
47,45,81198
47,46,83659
47,47,87802
47,48,92821
47,49,92515
47,50,87009
47,51,83814
47,52,84157
47,53,86272
47,54,92032
47,55,93595
47,56,92269
47,57,91113
47,58,91134
47,59,92183
47,60,88792
47,61,88493
47,62,87921
47,63,85145
47,64,84052
47,65,81233
47,66,77316
47,67,73807
47,68,71918
47,69,69487
47,70,68666
47,71,68075
47,72,70776
47,73,50429
47,74,49689
47,75,47947
47,76,48322
47,77,41384
47,78,37132
47,79,34445
47,80,31398
47,81,28943
47,82,25165
47,83,23805
47,84,21687
47,85,121769
48,0,377806
48,1,383788
48,2,399369
48,3,411922
48,4,418006
48,5,415864
48,6,410388
48,7,406998
48,8,414091
48,9,416237
48,10,415321
48,11,424978
48,12,423578
48,13,420172
48,14,419075
48,15,417110
48,16,414872
48,17,410235
48,18,404961
48,19,405814
48,20,394380
48,21,392373
48,22,398233
48,23,404399
48,24,413140
48,25,420759
48,26,428145
48,27,441298
48,28,442039
48,29,440056
48,30,425400
48,31,419691
48,32,417280
48,33,419504
48,34,422591
48,35,410132
48,36,416302
48,37,414909
48,38,409072
48,39,414437
48,40,385625
48,41,377586
48,42,374121
48,43,366765
48,44,373490
48,45,361422
48,46,362610
48,47,371242
48,48,381176
48,49,376957
48,50,351864
48,51,339072
48,52,331044
48,53,332454
48,54,346257
48,55,348869
48,56,346455
48,57,342784
48,58,340903
48,59,342834
48,60,326248
48,61,319925
48,62,313470
48,63,299965
48,64,293789
48,65,276718
48,66,264514
48,67,248658
48,68,239495
48,69,231757
48,70,221490
48,71,216141
48,72,220723
48,73,164305
48,74,161227
48,75,154004
48,76,149395
48,77,128438
48,78,118430
48,79,109077
48,80,98795
48,81,91948
48,82,82654
48,83,76146
48,84,71855
48,85,408459
49,0,48566
49,1,47961
49,2,49421
49,3,50616
49,4,51239
49,5,51368
49,6,52095
49,7,50605
49,8,51995
49,9,52913
49,10,52836
49,11,54086
49,12,54402
49,13,53503
49,14,53158
49,15,52837
49,16,52509
49,17,51074
49,18,49467
49,19,47960
49,20,47655
49,21,50575
49,22,54750
49,23,56601
49,24,55071
49,25,52024
49,26,49914
49,27,50810
49,28,50717
49,29,47911
49,30,46336
49,31,44058
49,32,42285
49,33,43247
49,34,44504
49,35,44453
49,36,46188
49,37,46549
49,38,46497
49,39,47555
49,40,45228
49,41,44637
49,42,43183
49,43,40325
49,44,38838
49,45,36408
49,46,35214
49,47,34945
49,48,35741
49,49,34626
49,50,32264
49,51,30420
49,52,29862
49,53,29005
49,54,29945
49,55,30380
49,56,31169
49,57,31202
49,58,31479
49,59,31278
49,60,30460
49,61,30169
49,62,29987
49,63,28698
49,64,28312
49,65,27464
49,66,26151
49,67,24672
49,68,23353
49,69,22543
49,70,21805
49,71,21183
49,72,21356
49,73,15536
49,74,15403
49,75,15454
49,76,15173
49,77,12724
49,78,11585
49,79,10709
49,80,9934
49,81,9169
49,82,8296
49,83,7705
49,84,7083
49,85,38574
50,0,5579
50,1,5558
50,2,5922
50,3,5935
50,4,6049
50,5,6230
50,6,6067
50,7,6233
50,8,6248
50,9,6320
50,10,6305
50,11,6593
50,12,6774
50,13,6681
50,14,6705
50,15,6878
50,16,6994
50,17,6934
50,18,9212
50,19,11198
50,20,10838
50,21,10048
50,22,8987
50,23,7768
50,24,7789
50,25,7665
50,26,7824
50,27,7495
50,28,7515
50,29,7457
50,30,7190
50,31,7342
50,32,7361
50,33,7259
50,34,7300
50,35,7357
50,36,7465
50,37,7403
50,38,7274
50,39,7520
50,40,7015
50,41,6973
50,42,6806
50,43,6535
50,44,6919
50,45,6799
50,46,6866
50,47,7305
50,48,8050
50,49,8315
50,50,7914
50,51,7760
50,52,8012
50,53,8207
50,54,8823
50,55,9111
50,56,9300
50,57,9448
50,58,9974
50,59,9712
50,60,9706
50,61,9748
50,62,9668
50,63,9289
50,64,9423
50,65,8974
50,66,8703
50,67,8376
50,68,8130
50,69,7820
50,70,7584
50,71,7310
50,72,7542
50,73,5377
50,74,5390
50,75,5171
50,76,5208
50,77,4202
50,78,3897
50,79,3460
50,80,3149
50,81,3005
50,82,2596
50,83,2430
50,84,2278
50,85,14437
51,0,97864
51,1,99825
51,2,101443
51,3,102904
51,4,103441
51,5,102812
51,6,102507
51,7,102943
51,8,103743
51,9,102881
51,10,102083
51,11,106100
51,12,106349
51,13,105662
51,14,105041
51,15,105689
51,16,104775
51,17,104786
51,18,111206
51,19,115372
51,20,114207
51,21,115115
51,22,113800
51,23,112810
51,24,115687
51,25,118300
51,26,119774
51,27,120363
51,28,122038
51,29,121451
51,30,118247
51,31,117615
51,32,116621
51,33,117905
51,34,118067
51,35,114984
51,36,117201
51,37,116735
51,38,115569
51,39,117224
51,40,109599
51,41,107664
51,42,105789
51,43,102307
51,44,105424
51,45,102373
51,46,104306
51,47,109913
51,48,115217
51,49,115697
51,50,109693
51,51,108067
51,52,108046
51,53,110083
51,54,116879
51,55,118950
51,56,118156
51,57,115771
51,58,116098
51,59,115398
51,60,110920
51,61,109689
51,62,106599
51,63,102328
51,64,100508
51,65,95999
51,66,91437
51,67,86811
51,68,84121
51,69,82490
51,70,80070
51,71,79923
51,72,82315
51,73,60174
51,74,58951
51,75,56789
51,76,57230
51,77,48685
51,78,43698
51,79,40397
51,80,37031
51,81,34213
51,82,30587
51,83,27940
51,84,25560
51,85,154485
53,0,88095
53,1,88292
53,2,92153
53,3,93588
53,4,94348
53,5,93691
53,6,94015
53,7,92998
53,8,93926
53,9,94147
53,10,93421
53,11,95294
53,12,94405
53,13,92372
53,14,91502
53,15,90978
53,16,90157
53,17,89679
53,18,88906
53,19,88339
53,20,89802
53,21,91793
53,22,95255
53,23,99670
53,24,104743
53,25,109693
53,26,113228
53,27,119950
53,28,124594
53,29,125131
53,30,120390
53,31,116027
53,32,113501
53,33,114537
53,34,115024
53,35,111478
53,36,111229
53,37,111002
53,38,108237
53,39,108164
53,40,100271
53,41,97271
53,42,95340
53,43,91944
53,44,93205
53,45,88883
53,46,88322
53,47,92015
53,48,98115
53,49,100218
53,50,95182
53,51,90595
53,52,88429
53,53,88540
53,54,93478
53,55,95971
53,56,97661
53,57,97385
53,58,98487
53,59,98924
53,60,95709
53,61,95847
53,62,95120
53,63,92426
53,64,92078
53,65,89034
53,66,86383
53,67,81844
53,68,78574
53,69,76130
53,70,73232
53,71,71438
53,72,73672
53,73,53061
53,74,52156
53,75,50260
53,76,49187
53,77,41444
53,78,36656
53,79,33387
53,80,30473
53,81,28545
53,82,25356
53,83,23145
53,84,21168
53,85,134578
54,0,17755
54,1,17978
54,2,18620
54,3,19022
54,4,19650
54,5,19961
54,6,20189
54,7,20126
54,8,20011
54,9,19993
54,10,20111
54,11,20894
54,12,20844
54,13,20668
54,14,20675
54,15,21035
54,16,20947
54,17,21088
54,18,21161
54,19,21745
54,20,21923
54,21,22335
54,22,22558
54,23,22181
54,24,21883
54,25,21720
54,26,21519
54,27,22600
54,28,23230
54,29,22799
54,30,21347
54,31,20272
54,32,20224
54,33,20063
54,34,20230
54,35,19733
54,36,21149
54,37,21238
54,38,21468
54,39,22825
54,40,21680
54,41,21596
54,42,21651
54,43,20642
54,44,21820
54,45,21084
54,46,21984
54,47,22915
54,48,24227
54,49,23955
54,50,22650
54,51,22361
54,52,22725
54,53,22904
54,54,24446
54,55,24706
54,56,24612
54,57,24573
54,58,25234
54,59,25902
54,60,26006
54,61,26537
54,62,26389
54,63,25201
54,64,25566
54,65,24794
54,66,24315
54,67,23810
54,68,23465
54,69,22801
54,70,22718
54,71,21875
54,72,22515
54,73,15584
54,74,15446
54,75,14790
54,76,15019
54,77,12960
54,78,12032
54,79,10905
54,80,10167
54,81,9688
54,82,8840
54,83,7848
54,84,7303
54,85,40136
55,0,63366
55,1,64258
55,2,66589
55,3,67711
55,4,68572
55,5,68237
55,6,68628
55,7,69102
55,8,69473
55,9,71800
55,10,71443
55,11,73463
55,12,74291
55,13,73861
55,14,73733
55,15,74505
55,16,73798
55,17,73767
55,18,75268
55,19,80230
55,20,79368
55,21,78967
55,22,79323
55,23,77311
55,24,75603
55,25,76880
55,26,77519
55,27,77243
55,28,74449
55,29,73553
55,30,71011
55,31,70365
55,32,71108
55,33,73093
55,34,76001
55,35,73311
55,36,74769
55,37,74909
55,38,74491
55,39,76021
55,40,71099
55,41,68939
55,42,67799
55,43,64903
55,44,66834
55,45,63701
55,46,64177
55,47,67524
55,48,73233
55,49,74349
55,50,71532
55,51,71284
55,52,73340
55,53,75736
55,54,80333
55,55,82542
55,56,83360
55,57,84079
55,58,86440
55,59,85819
55,60,83435
55,61,82429
55,62,80863
55,63,77233
55,64,76818
55,65,73725
55,66,70136
55,67,68089
55,68,64851
55,69,61815
55,70,59125
55,71,56817
55,72,57839
55,73,41579
55,74,40772
55,75,39584
55,76,40694
55,77,35102
55,78,31270
55,79,28638
55,80,27324
55,81,25807
55,82,23493
55,83,21955
55,84,20319
55,85,128309
56,0,6572
56,1,6702
56,2,7075
56,3,7248
56,4,7334
56,5,7352
56,6,7380
56,7,7362
56,8,7443
56,9,7759
56,10,7801
56,11,8010
56,12,8023
56,13,7821
56,14,7783
56,15,7455
56,16,7412
56,17,7202
56,18,6960
56,19,7478
56,20,7542
56,21,7789
56,22,7889
56,23,7634
56,24,7229
56,25,7207
56,26,7373
56,27,7727
56,28,7799
56,29,7935
56,30,7587
56,31,7382
56,32,7602
56,33,7858
56,34,7963
56,35,7928
56,36,8066
56,37,7958
56,38,7712
56,39,8084
56,40,7400
56,41,7103
56,42,6817
56,43,6569
56,44,6648
56,45,6371
56,46,6210
56,47,6345
56,48,6691
56,49,6835
56,50,6252
56,51,6089
56,52,6066
56,53,6256
56,54,6738
56,55,7089
56,56,7412
56,57,7435
56,58,8073
56,59,8259
56,60,8041
56,61,8047
56,62,8240
56,63,8120
56,64,8038
56,65,7681
56,66,7396
56,67,6844
56,68,6564
56,69,6317
56,70,5894
56,71,5821
56,72,5883
56,73,4081
56,74,4109
56,75,3946
56,76,3949
56,77,3370
56,78,2920
56,79,2764
56,80,2552
56,81,2307
56,82,2135
56,83,1898
56,84,1757
56,85,10991
